시도,시군구,월,최고기온,최저기온,일사량
강원특별자치도,강릉시,1,3.5795027,-6.1391676,310.921683
강원특별자치도,강릉시,2,7.5825447,-2.930656,396.521964
강원특별자치도,강릉시,3,12.9332201,1.3213206,530.784249
강원특별자치도,강릉시,4,20.7357645,7.998426,637.543542
강원특별자치도,강릉시,5,24.427301,13.1743636,663.278964
강원특별자치도,강릉시,6,27.484985,18.5871321,632.799081
강원특별자치도,강릉시,7,30.8570456,23.3877037,560.942376
강원특별자치도,강릉시,8,30.9198422,24.0738303,534.617751
강원특별자치도,강릉시,9,26.112516,16.9684908,472.899054
강원특별자치도,강릉시,10,20.0703947,10.1961574,401.614359
강원특별자치도,강릉시,11,12.8010663,3.2130386,292.525557
강원특별자치도,강릉시,12,7.0202956,-2.7848934,251.980074
강원특별자치도,고성군,1,7.6008024,-5.3664206,333.735378
강원특별자치도,고성군,2,11.6683713,-2.5991051,416.600253
강원특별자치도,고성군,3,17.5342153,2.3887999,538.08159
강원특별자치도,고성군,4,24.6597916,8.7429073,633.773145
강원특별자치도,고성군,5,28.7614126,14.1094536,640.800687
강원특별자치도,고성군,6,31.8002725,20.3411174,557.427288
강원특별자치도,고성군,7,34.628233,24.5211455,519.022602
강원특별자치도,고성군,8,35.3507862,25.3367299,524.251983
강원특별자치도,고성군,9,31.0732642,19.7934125,472.554198
강원특별자치도,고성군,10,24.7526886,11.3088424,437.093019
강원특별자치도,고성군,11,17.0145442,2.7827123,336.357957
강원특별자치도,고성군,12,10.8721978,-2.8421815,296.759544
강원특별자치도,동해시,1,4.5187185,-4.6362591,309.457728
강원특별자치도,동해시,2,8.0028276,-1.6865541,390.081852
강원특별자치도,동해시,3,13.1136327,2.2943549,526.180674
강원특별자치도,동해시,4,20.1629378,8.4691308,639.289482
강원특별자치도,동해시,5,23.4697759,13.4350701,665.877156
강원특별자치도,동해시,6,26.5557791,18.8682647,643.455363
강원특별자치도,동해시,7,29.8472655,23.2347787,570.939876
강원특별자치도,동해시,8,30.5663235,24.4952665,551.275812
강원특별자치도,동해시,9,25.8155436,17.8105935,474.282918
강원특별자치도,동해시,10,20.3558994,11.4243145,404.058735
강원특별자치도,동해시,11,13.6139322,4.6038895,297.526086
강원특별자치도,동해시,12,8.0232667,-1.053672,255.74853
강원특별자치도,양구군,1,1.3092382,-10.5550465,306.871341
강원특별자치도,양구군,2,6.683967,-5.9775825,394.175106
강원특별자치도,양구군,3,12.9351536,-1.0230183,523.679916
강원특별자치도,양구군,4,21.5314304,5.6469278,620.439069
강원특별자치도,양구군,5,25.1324306,11.2718627,640.638369
강원특별자치도,양구군,6,28.9530794,17.4330284,599.406288
강원특별자치도,양구군,7,31.1785493,21.9479897,500.726271
강원특별자치도,양구군,8,31.8113231,22.3311951,495.190059
강원특별자치도,양구군,9,26.9199875,15.8892605,461.482731
강원특별자치도,양구군,10,19.9233051,8.224251,392.802852
강원특별자치도,양구군,11,11.1627262,0.2252177,277.538949
강원특별자치도,양구군,12,4.6146389,-6.351627,241.776243
강원특별자치도,원주시,1,2.5122978,-8.9599116,306.084708
강원특별자치도,원주시,2,7.3315594,-4.5113961,384.726666
강원특별자치도,원주시,3,13.7538227,0.0935825,518.015745
강원특별자치도,원주시,4,21.5024185,6.5165901,627.086595
강원특별자치도,원주시,5,24.6864453,12.3839251,641.51037
강원특별자치도,원주시,6,28.6738839,18.910635,612.854274
강원특별자치도,원주시,7,30.6365984,22.4990387,480.70503
강원특별자치도,원주시,8,31.9579399,23.6215442,512.313738
강원특별자치도,원주시,9,27.1709495,16.8492387,470.097237
강원특별자치도,원주시,10,20.5551355,9.0467557,407.234007
강원특별자치도,원주시,11,12.4106502,1.1613751,288.041874
강원특별자치도,원주시,12,5.7536883,-4.830404,249.615417
강원특별자치도,정선군,1,0.5969639,-11.7512471,315.450708
강원특별자치도,정선군,2,4.9727955,-7.2146861,395.513508
강원특별자치도,정선군,3,11.3297788,-2.4801296,526.752909
강원특별자치도,정선군,4,19.5430122,4.4194915,634.407768
강원특별자치도,정선군,5,22.7979344,10.1251363,653.690853
강원특별자치도,정선군,6,26.5008288,16.3683396,627.969531
강원특별자치도,정선군,7,28.6865464,20.3577622,517.828569
강원특별자치도,정선군,8,29.6313081,21.292185,527.370594
강원특별자치도,정선군,9,24.5224895,14.1596899,470.499216
강원특별자치도,정선군,10,18.2649413,6.533958,407.527974
강원특별자치도,정선군,11,10.3689981,-0.9805022,295.734882
강원특별자치도,정선군,12,4.007267,-7.023485,258.589332
강원특별자치도,태백시,1,-0.4988576,-15.2007644,322.546302
강원특별자치도,태백시,2,4.2251219,-10.0398702,399.795135
강원특별자치도,태백시,3,11.4239555,-4.9096609,527.096832
강원특별자치도,태백시,4,20.3145254,2.7098877,634.307253
강원특별자치도,태백시,5,23.5393536,8.9779971,655.115241
강원특별자치도,태백시,6,27.5422629,15.6906252,630.676803
강원특별자치도,태백시,7,29.4870385,19.58246,520.799751
강원특별자치도,태백시,8,30.2409175,20.3842259,530.903682
강원특별자치도,태백시,9,24.4636864,12.461182,466.435005
강원특별자치도,태백시,10,17.8372472,4.1423775,407.845329
강원특별자치도,태백시,11,9.6491159,-3.8265288,301.114749
강원특별자치도,태백시,12,2.9993775,-9.8424169,265.704129
강원특별자치도,홍천군,1,1.7104868,-10.1483097,309.76617
강원특별자치도,홍천군,2,6.9099283,-5.6136261,395.815095
강원특별자치도,홍천군,3,13.0516483,-0.8679097,526.148178
강원특별자치도,홍천군,4,21.3155975,5.9363735,626.192577
강원특별자치도,홍천군,5,24.7768943,11.4883784,644.896287
강원특별자치도,홍천군,6,28.5376637,17.7414493,603.675654
강원특별자치도,홍천군,7,30.9551734,21.9568533,500.822211
강원특별자치도,홍천군,8,31.6058979,22.4988741,497.716197
강원특별자치도,홍천군,9,26.9000446,16.0741889,465.439713
강원특별자치도,홍천군,10,19.9542358,8.3341469,399.15876
강원특별자치도,홍천군,11,11.4827813,0.3076356,283.815642
강원특별자치도,홍천군,12,4.8940323,-6.3905842,245.968332
경기도,가평군,1,2.5881709,-7.9912572,296.222697
경기도,가평군,2,7.1820815,-4.9321555,378.496905
경기도,가평군,3,13.0598239,-0.5553981,509.910762
경기도,가평군,4,20.7052992,5.5443614,617.221041
경기도,가평군,5,24.7167827,11.2267102,646.558107
경기도,가평군,6,28.5281687,17.8238894,612.724149
경기도,가평군,7,30.2448619,22.3233981,478.218078
경기도,가평군,8,31.0760469,22.5906645,483.265122
경기도,가평군,9,26.533876,16.1773685,464.728323
경기도,가평군,10,20.0114909,8.6160974,395.296446
경기도,가평군,11,11.4344312,1.089719,275.862471
경기도,가평군,12,4.9801376,-4.7060092,236.946354
경기도,남양주시,1,4.1293412,-6.0499104,295.189374
경기도,남양주시,2,8.225909,-3.7652185,375.790596
경기도,남양주시,3,13.7195151,0.2127194,510.987249
경기도,남양주시,4,21.0551497,6.3676192,619.94811
경기도,남양주시,5,25.3233989,11.9762021,653.480124
경기도,남양주시,6,29.124729,18.5420486,624.286134
경기도,남양주시,7,30.5880107,23.1812447,485.221392
경기도,남양주시,8,31.4739124,23.4805579,489.878064
경기도,남양주시,9,27.1522423,16.933069,469.101135
경기도,남양주시,10,20.8975853,9.2639044,398.535597
경기도,남양주시,11,12.6660862,1.8454889,279.823473
경기도,남양주시,12,6.1714816,-3.7584096,239.448903
경기도,수원시,1,4.3286313,-6.0240538,283.277421
경기도,수원시,2,8.6734784,-2.7205324,375.759723
경기도,수원시,3,14.4747694,1.4059648,516.688113
경기도,수원시,4,22.1435733,7.781791,633.599145
경기도,수원시,5,26.0824621,13.6087352,659.895492
경기도,수원시,6,30.3347291,20.2864662,636.036564
경기도,수원시,7,31.8122595,24.7407,506.506713
경기도,수원시,8,32.8708163,25.3651378,510.744966
경기도,수원시,9,28.2974243,18.7180366,470.513343
경기도,수원시,10,21.9313203,10.4813119,407.501382
경기도,수원시,11,13.6679358,2.9660327,282.792093
경기도,수원시,12,6.8928383,-3.0844146,235.100616
경기도,양주시,1,4.0848347,-5.7302674,293.574327
경기도,양주시,2,8.1895355,-3.3392611,374.256876
경기도,양주시,3,13.602446,0.5140721,510.190416
경기도,양주시,4,20.9711043,6.669252,618.450831
경기도,양주시,5,25.4007013,12.1823807,652.670511
경기도,양주시,6,29.2846383,18.6074079,624.746562
경기도,양주시,7,30.554815,23.4324884,482.71743
경기도,양주시,8,31.4408983,23.6363884,491.603274
경기도,양주시,9,27.2054135,16.9087234,472.88751
경기도,양주시,10,20.9282043,9.2872581,397.715115
경기도,양주시,11,12.5857433,1.9836496,277.993461
경기도,양주시,12,6.0229989,-3.5142172,237.777093
경기도,연천군,1,3.8607115,-6.539492,292.646967
경기도,연천군,2,8.0323869,-4.0011475,374.984043
경기도,연천군,3,13.4680342,-0.049776,511.894392
경기도,연천군,4,20.8678231,6.0812094,618.239901
경기도,연천군,5,25.3258878,11.7667137,653.158794
경기도,연천군,6,29.2064559,18.3601983,625.421946
경기도,연천군,7,30.424148,23.1685681,483.062148
경기도,연천군,8,31.3352652,23.3756133,494.796114
경기도,연천군,9,27.2144093,16.5619985,478.827783
경기도,연천군,10,20.9373005,8.704216,397.014471
경기도,연천군,11,12.4621347,1.339975,276.608874
경기도,연천군,12,5.8436917,-4.1800466,235.834545
경기도,이천시,1,3.8708339,-7.0571283,291.660666
경기도,이천시,2,8.5327832,-3.3598591,377.67459
경기도,이천시,3,14.742356,0.817204,516.014094
경기도,이천시,4,22.480524,7.1224844,631.181982
경기도,이천시,5,26.0591368,13.0306023,653.347983
경기도,이천시,6,30.0433958,19.7119642,626.384064
경기도,이천시,7,31.7107455,23.5045603,496.533336
경기도,이천시,8,32.7945672,24.3078512,511.994712
경기도,이천시,9,27.9962477,17.7599486,469.63287
경기도,이천시,10,21.6207437,9.6452067,408.07392
경기도,이천시,11,13.3568665,2.016452,285.414618
경기도,이천시,12,6.5994551,-3.9577027,241.180152
경기도,포천시,1,3.2613979,-7.2119759,292.767732
경기도,포천시,2,7.4745106,-4.615563,374.252598
경기도,포천시,3,13.0069946,-0.5935396,508.451175
경기도,포천시,4,20.4885348,5.4874034,616.538688
경기도,포천시,5,24.8293574,11.1802882,650.505165
경기도,포천시,6,28.6516308,17.820493,621.420525
경기도,포천시,7,29.9809125,22.5900965,476.925012
경기도,포천시,8,30.8676794,22.7555724,486.713433
경기도,포천시,9,26.5935301,16.0467727,471.217464
경기도,포천시,10,20.3130231,8.3129756,396.056238
경기도,포천시,11,11.851552,0.9979307,275.53599
경기도,포천시,12,5.3107615,-4.5467413,235.884618
경상남도,밀양시,1,6.2798013,-6.4647065,330.86295
경상남도,밀양시,2,10.4793183,-3.5725996,405.29736
경상남도,밀양시,3,16.3732203,0.9373201,526.148034
경상남도,밀양시,4,23.6805475,6.6807944,631.641375
경상남도,밀양시,5,27.1310765,12.0401799,647.474847
경상남도,밀양시,6,30.5792464,18.9788258,578.023245
경상남도,밀양시,7,32.654632,23.0419457,510.920049
경상남도,밀양시,8,33.0654031,24.0277115,517.955871
경상남도,밀양시,9,28.4395938,17.2801319,459.476637
경상남도,밀양시,10,22.684096,9.1805154,425.084145
경상남도,밀양시,11,15.5582311,1.3249829,329.652405
경상남도,밀양시,12,9.2576999,-4.1022526,289.766472
경상남도,사천시,1,7.4329632,-4.5673717,334.242987
경상남도,사천시,2,11.2062527,-1.716333,414.753918
경상남도,사천시,3,16.5832524,3.3307187,536.54634
경상남도,사천시,4,23.111208,9.3713409,635.342592
경상남도,사천시,5,26.8899695,14.4959456,645.627438
경상남도,사천시,6,29.883461,20.6342643,573.90678
경상남도,사천시,7,32.8349361,24.4818259,534.533745
경상남도,사천시,8,33.6838483,25.3804405,544.941765
경상남도,사천시,9,29.7273276,20.1061233,484.431471
경상남도,사천시,10,23.8432217,12.2224341,440.874636
경상남도,사천시,11,16.5778063,4.0478679,335.888649
경상남도,사천시,12,10.6749431,-1.7879174,295.90248
경상남도,창원시,1,8.260676,-4.7581806,333.515337
경상남도,창원시,2,11.921942,-2.1709156,409.869033
경상남도,창원시,3,16.8866236,1.8723393,533.26959
경상남도,창원시,4,23.0635931,7.3844658,636.111402
경상남도,창원시,5,26.3878526,12.6387676,651.014961
경상남도,창원시,6,29.407548,19.3031059,576.871029
경상남도,창원시,7,31.9379448,23.5758503,516.798873
경상남도,창원시,8,32.933828,24.7037121,524.27433
경상남도,창원시,9,28.9902275,18.2603009,469.419789
경상남도,창원시,10,23.7172023,10.2737536,433.448685
경상남도,창원시,11,17.0458888,2.6416333,333.914904
경상남도,창원시,12,11.2534433,-2.6474945,292.823781
경상남도,합천군,1,6.1274614,-6.1456915,326.588139
경상남도,합천군,2,10.2121584,-3.1041506,405.839037
경상남도,합천군,3,15.9572474,1.408671,528.94965
경상남도,합천군,4,22.818694,7.1360654,631.223301
경상남도,합천군,5,26.0864201,12.2735603,644.501799
경상남도,합천군,6,29.3505699,19.0241431,570.185991
경상남도,합천군,7,31.673871,22.6264169,499.702911
경상남도,합천군,8,32.2758425,23.5825175,504.505233
경상남도,합천군,9,28.1221245,17.586451,462.062562
경상남도,합천군,10,22.476168,9.7138977,428.485842
경상남도,합천군,11,15.3912258,2.2371731,325.919415
경상남도,합천군,12,9.3378476,-3.2119911,284.568663
경상북도,상주시,1,4.3255556,-6.089301,309.222501
경상북도,상주시,2,8.8784021,-2.8937351,386.849883
경상북도,상주시,3,15.1052553,1.2234161,519.927162
경상북도,상주시,4,22.4476864,7.3595339,632.870787
경상북도,상주시,5,25.594868,12.7066826,650.20368
경상북도,상주시,6,29.2877672,19.1986617,613.624665
경상북도,상주시,7,31.3756437,22.7420533,500.599041
경상북도,상주시,8,32.4462718,23.9996443,523.326846
경상북도,상주시,9,27.6162643,17.5551923,465.625836
경상북도,상주시,10,21.5324442,9.9071082,411.482982
경상북도,상주시,11,13.9745032,2.406339,300.361032
경상북도,상주시,12,7.608377,-3.1193629,256.937607
경상북도,성주군,1,5.5729635,-5.8246717,320.766717
경상북도,성주군,2,9.9009903,-2.9455459,400.807302
경상북도,성주군,3,16.1583523,1.5230095,524.950674
경상북도,성주군,4,23.50526,7.3458524,631.511805
경상북도,성주군,5,26.8104824,12.6101814,646.269219
경상북도,성주군,6,30.1307433,19.2765715,578.215521
경상북도,성주군,7,32.2180127,22.8763421,495.459912
경상북도,성주군,8,32.7777701,23.8290624,498.372522
경상북도,성주군,9,28.2109501,17.5708931,457.453047
경상북도,성주군,10,22.4446374,9.6983534,420.200583
경상북도,성주군,11,15.0895373,2.1810395,318.091206
경상북도,성주군,12,8.7409527,-3.1461002,276.909561
경상북도,안동시,1,4.6221631,-7.1871952,316.194702
경상북도,안동시,2,9.080875,-3.7166955,388.430889
경상북도,안동시,3,15.2744948,0.4386847,516.733056
경상북도,안동시,4,22.8477095,6.5891321,631.078593
경상북도,안동시,5,26.1904147,12.0794725,648.111027
경상북도,안동시,6,29.9340894,18.8174417,612.649821
경상북도,안동시,7,31.9187152,22.3641823,503.035692
경상북도,안동시,8,32.9628936,23.3887644,520.390896
경상북도,안동시,9,27.747595,17.0383904,456.138306
경상북도,안동시,10,21.6266799,9.13392,407.920893
경상북도,안동시,11,14.096988,1.3159247,305.753733
경상북도,안동시,12,7.7888187,-4.2369909,265.661859
경상북도,영양군,1,3.1552551,-9.2617759,319.266576
경상북도,영양군,2,7.6618602,-5.673503,390.122223
경상북도,영양군,3,14.2313451,-1.4260782,516.625125
경상북도,영양군,4,22.4062076,5.1088328,630.92652
경상북도,영양군,5,25.8089477,10.9288485,649.792956
경상북도,영양군,6,29.6190505,17.5045817,618.3645
경상북도,영양군,7,31.7874079,21.5796069,515.094207
경상북도,영양군,8,32.5732586,22.4718065,526.26123
경상북도,영양군,9,26.5887956,15.2738435,455.822592
경상북도,영양군,10,20.3524762,7.4820756,406.75071
경상북도,영양군,11,12.7466941,-0.3887037,307.830462
경상북도,영양군,12,6.4025427,-5.7268319,268.540863
경상북도,영주시,1,2.9449116,-8.3948328,313.769202
경상북도,영주시,2,7.4052931,-4.4270766,388.158987
경상북도,영주시,3,13.606388,-0.0997326,517.333878
경상북도,영주시,4,21.2352032,6.0285584,630.93597
경상북도,영주시,5,24.4837563,11.5796905,647.98962
경상북도,영주시,6,28.3560458,18.0919275,618.139005
경상북도,영주시,7,30.298969,21.735646,499.837668
경상북도,영주시,8,31.5604077,22.771176,519.630039
경상북도,영주시,9,26.715603,16.2423712,461.848296
경상북도,영주시,10,20.4132722,8.3682914,407.46123
경상북도,영주시,11,12.5899045,0.836904,299.766165
경상북도,영주시,12,6.2048144,-4.7590257,260.778009
경상북도,청송군,1,3.8153329,-8.1441301,321.681333
경상북도,청송군,2,8.4210715,-4.688261,390.642408
경상북도,청송군,3,15.0829727,-0.5109661,516.072243
경상북도,청송군,4,23.1285211,5.9122461,630.093744
경상북도,청송군,5,26.5322053,11.4296652,648.157281
경상북도,청송군,6,30.3197743,18.117343,604.778304
경상북도,청송군,7,32.3303342,22.0125321,506.662944
경상북도,청송군,8,32.97542,22.776984,516.957144
경상북도,청송군,9,27.1697676,15.9303315,448.83384
경상북도,청송군,10,21.017138,8.0383068,407.978379
경상북도,청송군,11,13.4182441,0.0377313,313.247235
경상북도,청송군,12,6.943136,-5.342558,273.636513
경상북도,포항시,1,5.9787261,-4.6246894,324.490692
경상북도,포항시,2,10.1628214,-1.7817197,397.091721
경상북도,포항시,3,16.3883324,2.4571938,522.131268
경상북도,포항시,4,24.3271647,8.5879472,629.56104
경상북도,포항시,5,28.0150904,13.5747912,645.497766
경상북도,포항시,6,31.3934416,19.9899178,595.259148
경상북도,포항시,7,34.0319363,24.0725865,532.784202
경상북도,포항시,8,34.5928252,25.071606,528.508233
경상북도,포항시,9,29.0567836,18.8105838,455.533353
경상북도,포항시,10,22.9341552,11.4116045,410.70627
경상북도,포항시,11,15.6370521,3.5818046,320.170383
경상북도,포항시,12,9.2874977,-1.8550969,285.182586
대구광역시,달성군,1,6.4542403,-4.7491721,328.708932
대구광역시,달성군,2,10.6625095,-1.9592632,402.818721
대구광역시,달성군,3,16.6026538,2.4919354,523.022412
대구광역시,달성군,4,23.9696204,8.2354298,629.857851
대구광역시,달성군,5,27.5365079,13.3330267,644.561391
대구광역시,달성군,6,30.9274129,19.7167946,574.467297
대구광역시,달성군,7,32.8739895,23.4949614,499.519641
대구광역시,달성군,8,33.5904021,24.6060263,503.989623
대구광역시,달성군,9,28.6445787,18.1297508,450.798087
대구광역시,달성군,10,22.97022,10.4432841,418.818498
대구광역시,달성군,11,15.7231073,2.8770873,325.643385
대구광역시,달성군,12,9.4910535,-2.4536665,286.498785
부산광역시,기장군,1,7.7629018,-3.2579503,328.43679
부산광역시,기장군,2,11.4321039,-0.5980086,400.40019
부산광역시,기장군,3,16.3177342,3.3338642,524.97522
부산광역시,기장군,4,22.7535023,8.4655905,634.077273
부산광역시,기장군,5,25.9451974,13.2162924,654.536037
부산광역시,기장군,6,28.7864862,19.2471159,594.278226
부산광역시,기장군,7,31.5792475,23.5192987,543.012069
부산광역시,기장군,8,32.5198954,24.8066217,548.632965
부산광역시,기장군,9,28.2960672,19.0071118,471.554355
부산광역시,기장군,10,23.1372777,12.1373427,425.888901
부산광역시,기장군,11,16.6917556,4.8198579,330.212316
부산광역시,기장군,12,10.8182524,-0.6648276,290.311797
울산광역시,울주군,1,6.8611087,-4.8501947,328.879728
울산광역시,울주군,2,10.813249,-2.1695819,400.774812
울산광역시,울주군,3,16.4298177,2.0568928,523.906569
울산광역시,울주군,4,23.6667977,7.6876901,632.868996
울산광역시,울주군,5,27.1114476,12.7803148,652.290372
울산광역시,울주군,6,30.2802844,19.3730422,589.329579
울산광역시,울주군,7,32.715771,23.5170051,529.046136
울산광역시,울주군,8,33.1369132,24.442001,533.40303
울산광역시,울주군,9,28.2936321,17.8340477,463.368651
울산광역시,울주군,10,22.8128046,10.3534726,422.303232
울산광역시,울주군,11,15.9957679,2.7269398,328.729002
울산광역시,울주군,12,9.9013214,-2.5048093,289.027356
인천광역시,옹진군,1,4.2608154,-2.8121815,259.361646
인천광역시,옹진군,2,6.909518,-0.1472833,373.177671
인천광역시,옹진군,3,11.1574101,3.3520883,505.671627
인천광역시,옹진군,4,17.7478963,8.792849,610.053732
인천광역시,옹진군,5,21.8631878,13.8025855,640.728027
인천광역시,옹진군,6,25.9861555,19.909806,617.455212
인천광역시,옹진군,7,28.9034374,24.707174,492.20421
인천광역시,옹진군,8,30.3178271,25.7895509,490.442115
인천광역시,옹진군,9,26.8853998,20.2642971,468.386922
인천광역시,옹진군,10,21.3885169,13.7044399,396.945612
인천광역시,옹진군,11,13.7879953,6.711461,271.13154
인천광역시,옹진군,12,7.4968593,0.4462762,211.902543
전라남도,나주시,1,7.3780215,-2.6880035,265.203927
전라남도,나주시,2,11.2204442,-0.99042,375.814953
전라남도,나주시,3,17.4845834,2.7708408,539.072916
전라남도,나주시,4,24.4215659,8.5393366,642.541617
전라남도,나주시,5,27.9406105,14.0253365,648.550443
전라남도,나주시,6,31.0786628,20.4257516,589.325541
전라남도,나주시,7,34.3968411,24.841818,565.226874
전라남도,나주시,8,34.4705372,25.4021259,565.23264
전라남도,나주시,9,30.1911349,19.6645615,496.740987
전라남도,나주시,10,24.6179822,11.5674897,434.04603
전라남도,나주시,11,17.0078845,4.4607085,307.541724
전라남도,나주시,12,10.6190013,-0.8154489,244.775217
전라남도,순천시,1,6.6828094,-4.7785266,301.788459
전라남도,순천시,2,10.8108704,-2.4595653,395.058135
전라남도,순천시,3,17.0184262,1.5367663,534.850638
전라남도,순천시,4,23.9717477,7.3599885,632.667771
전라남도,순천시,5,27.3500606,12.8803128,635.794476
전라남도,순천시,6,30.3223013,19.3811677,563.855523
전라남도,순천시,7,33.8016467,23.5769555,526.36338
전라남도,순천시,8,33.7292233,23.9454979,529.929717
전라남도,순천시,9,29.4593055,18.6098255,478.23309
전라남도,순천시,10,23.7550169,10.2371031,434.168133
전라남도,순천시,11,16.106562,2.5162792,322.923813
전라남도,순천시,12,9.7960448,-2.73664,273.69222
전라남도,여수시,1,7.0526583,-1.6449858,317.471022
전라남도,여수시,2,10.6071414,0.7285844,408.731064
전라남도,여수시,3,15.8816346,5.1387992,536.16126
전라남도,여수시,4,22.1910014,11.1459556,626.055999
전라남도,여수시,5,26.5442756,15.9353834,620.709105
전라남도,여수시,6,29.4328284,21.0201294,527.942697
전라남도,여수시,7,33.9645753,25.0909567,526.572042
전라남도,여수시,8,34.6972649,26.107034,537.152145
전라남도,여수시,9,31.5251454,23.0725813,480.809598
전라남도,여수시,10,24.6655225,15.4964487,438.711321
전라남도,여수시,11,16.8352623,6.9619606,334.281984
전라남도,여수시,12,10.8019798,1.2775157,293.803884
전라남도,장흥군,1,6.9228895,-5.279849,291.234231
전라남도,장흥군,2,11.3570178,-3.4358301,393.922146
전라남도,장흥군,3,18.4781794,0.9730031,538.803051
전라남도,장흥군,4,25.8165719,7.2298161,636.185268
전라남도,장흥군,5,29.4066507,13.3154008,625.154478
전라남도,장흥군,6,32.0231466,20.4038001,549.406275
전라남도,장흥군,7,36.090468,24.7569822,540.645405
전라남도,장흥군,8,35.2073657,25.1605304,539.487828
전라남도,장흥군,9,30.6500293,18.7238355,482.141046
전라남도,장흥군,10,24.9454791,9.3910685,433.102683
전라남도,장흥군,11,17.0037516,1.347699,320.576331
전라남도,장흥군,12,10.3229751,-4.1888532,268.366791
전라남도,해남군,1,7.3655429,-1.9041713,266.459523
전라남도,해남군,2,10.7969881,-0.550647,380.118534
전라남도,해남군,3,16.5596964,3.5313618,539.870343
전라남도,해남군,4,23.035464,9.3180935,641.382264
전라남도,해남군,5,26.4747829,14.8053214,636.035832
전라남도,해남군,6,29.2926453,21.0537992,565.910346
전라남도,해남군,7,33.54802,25.5174575,575.010663
전라남도,해남군,8,33.578571,26.3391049,573.655641
전라남도,해남군,9,29.7578193,20.5897323,496.865634
전라남도,해남군,10,24.2507401,12.5619931,435.123546
전라남도,해남군,11,16.9698887,5.2208869,313.933119
전라남도,해남군,12,10.7276965,-0.2070585,251.073984
전라남도,화순군,1,6.5058349,-5.2124376,289.181259
전라남도,화순군,2,10.9238434,-3.0236215,386.604201
전라남도,화순군,3,17.592509,0.9240626,532.956213
전라남도,화순군,4,24.820444,6.8356976,632.978439
전라남도,화순군,5,28.1868171,12.5734353,637.728534
전라남도,화순군,6,31.2941782,19.332126,568.639539
전라남도,화순군,7,34.6006002,23.7185362,525.494928
전라남도,화순군,8,34.1103259,24.052369,528.165054
전라남도,화순군,9,29.6378546,17.9837234,477.913512
전라남도,화순군,10,23.9052573,9.3015133,431.422737
전라남도,화순군,11,16.0714372,1.6981085,316.011048
전라남도,화순군,12,9.5479988,-3.4818772,262.541277
전북특별자치도,군산시,1,5.5884165,-1.8488614,261.16011
전북특별자치도,군산시,2,8.2570601,0.0849392,371.947935
전북특별자치도,군산시,3,13.3772981,3.6048243,535.604616
전북특별자치도,군산시,4,19.6808975,8.9686419,635.425047
전북특별자치도,군산시,5,23.3671249,14.4170002,657.232152
전북특별자치도,군산시,6,27.1526791,20.3773325,614.510883
전북특별자치도,군산시,7,31.0636698,24.9209408,539.012853
전북특별자치도,군산시,8,32.0570859,25.7431149,543.026133
전북특별자치도,군산시,9,27.7622996,20.23975,492.091872
전북특별자치도,군산시,10,22.0247261,13.3718935,423.837735
전북특별자치도,군산시,11,14.8668408,6.6044299,291.698697
전북특별자치도,군산시,12,8.7490629,1.0058117,228.856935
전북특별자치도,무주군,1,3.1954334,-8.5103875,310.570065
전북특별자치도,무주군,2,7.5486546,-4.8330083,396.094776
전북특별자치도,무주군,3,14.0041618,-0.1497629,525.468546
전북특별자치도,무주군,4,21.1077015,5.8194793,631.698351
전북특별자치도,무주군,5,24.1252566,11.1897221,647.737578
전북특별자치도,무주군,6,27.5003688,17.8347397,576.922974
전북특별자치도,무주군,7,29.977108,21.4840731,500.825349
전북특별자치도,무주군,8,30.5818297,22.530338,507.08937
전북특별자치도,무주군,9,26.4536726,16.071524,470.707488
전북특별자치도,무주군,10,20.4674523,8.1849412,425.65677
전북특별자치도,무주군,11,13.096384,0.8177508,313.841625
전북특별자치도,무주군,12,6.6113527,-4.6787285,267.550038
전북특별자치도,부안군,1,6.0135024,-3.2562852,259.411569
전북특별자치도,부안군,2,9.5078046,-1.2005765,368.686878
전북특별자치도,부안군,3,15.3980453,2.1452077,535.977936
전북특별자치도,부안군,4,22.2627782,7.7317373,638.980587
전북특별자치도,부안군,5,25.7650689,13.4807739,661.284447
전북특별자치도,부안군,6,29.1297684,19.9051513,616.610298
전북특별자치도,부안군,7,32.6402655,24.4604678,549.967308
전북특별자치도,부안군,8,33.1925007,24.9024503,551.426712
전북특별자치도,부안군,9,28.6340073,18.8591499,496.624467
전북특별자치도,부안군,10,22.8028149,11.0889123,428.487651
전북특별자치도,부안군,11,15.4761664,4.4478699,295.367622
전북특별자치도,부안군,12,9.1536071,-0.8390797,230.222895
전북특별자치도,익산시,1,5.8692909,-4.0128414,269.191056
전북특별자치도,익산시,2,9.6442059,-1.7170532,375.642084
전북특별자치도,익산시,3,15.8003505,2.0946494,534.795015
전북특별자치도,익산시,4,23.0333323,7.997645,636.888819
전북특별자치도,익산시,5,26.5868016,13.7075503,657.80796
전북특별자치도,익산시,6,30.1386205,20.0883455,611.736513
전북특별자치도,익산시,7,32.9321228,24.5849656,532.067088
전북특별자치도,익산시,8,33.4090243,25.0130721,536.869539
전북특별자치도,익산시,9,28.8680688,18.8688349,489.518877
전북특별자치도,익산시,10,23.0271009,10.9145569,425.879307
전북특별자치도,익산시,11,15.2829869,3.9243442,296.407794
전북특별자치도,익산시,12,8.8598614,-1.5932178,235.360656
전북특별자치도,정읍시,1,6.0437722,-4.1459948,265.869051
전북특별자치도,정읍시,2,10.0300793,-1.8964818,371.000271
전북특별자치도,정읍시,3,16.4646784,1.7211013,532.776669
전북특별자치도,정읍시,4,23.6526218,7.5179496,636.583422
전북특별자치도,정읍시,5,27.1173808,13.1836521,658.186248
전북특별자치도,정읍시,6,30.5040081,19.7182658,608.246841
전북특별자치도,정읍시,7,33.4583255,24.4528654,537.797598
전북특별자치도,정읍시,8,33.783461,24.7652641,540.429651
전북특별자치도,정읍시,9,29.0833764,18.4441597,490.107801
전북특별자치도,정읍시,10,23.2538343,10.3305492,428.058963
전북특별자치도,정읍시,11,15.5222452,3.4420038,298.66638
전북특별자치도,정읍시,12,9.0972344,-1.8215521,235.56558
충청남도,공주시,1,5.55845,-5.6448607,276.257589
충청남도,공주시,2,10.0198171,-2.7738303,373.338255
충청남도,공주시,3,15.9823107,0.9030732,519.21258
충청남도,공주시,4,23.4850762,7.3749078,640.782669
충청남도,공주시,5,27.1828318,13.0563031,670.11903
충청남도,공주시,6,31.3273546,19.7642834,634.256784
충청남도,공주시,7,32.6931094,23.9560311,521.608962
충청남도,공주시,8,33.472339,24.3827337,525.704679
충청남도,공주시,9,28.9047063,17.8605712,474.559893
충청남도,공주시,10,22.771222,9.2500831,417.734361
충청남도,공주시,11,14.7949496,2.1632686,292.306419
충청남도,공주시,12,8.1380817,-3.3611902,233.090589
충청남도,보령시,1,5.5453947,-6.3471373,268.466532
충청남도,보령시,2,9.7529086,-3.7494788,373.222302
충청남도,보령시,3,15.8175018,0.0481612,526.816296
충청남도,보령시,4,23.5230807,6.890447,641.462841
충청남도,보령시,5,27.3469159,13.0295392,669.341292
충청남도,보령시,6,31.4459982,19.8824353,635.33901
충청남도,보령시,7,33.0270725,24.4737996,529.700484
충청남도,보령시,8,33.7142498,24.4517177,531.394584
충청남도,보령시,9,29.0083095,17.340329,482.395065
충청남도,보령시,10,22.8438184,8.6374435,417.299736
충청남도,보령시,11,14.7895561,1.5662836,286.448043
충청남도,보령시,12,8.1773849,-4.0114519,226.486314
충청남도,아산시,1,4.7465897,-5.5296277,276.232515
충청남도,아산시,2,8.8615114,-2.7150601,375.277326
충청남도,아산시,3,14.5927405,1.2070239,520.66368
충청남도,아산시,4,22.2630431,7.5507711,640.099542
충청남도,아산시,5,26.2257304,13.2888146,667.695774
충청남도,아산시,6,30.3448051,19.8333965,638.686116
충청남도,아산시,7,31.9622997,24.1363643,518.22429
충청남도,아산시,8,32.8223287,24.766988,518.35584
충청남도,아산시,9,28.2611964,18.4745286,474.871791
충청남도,아산시,10,22.0883248,10.4434053,412.351443
충청남도,아산시,11,14.1589736,3.3357154,283.463019
충청남도,아산시,12,7.5205013,-2.5991821,229.104633
충청남도,천안시,1,4.7160741,-5.9215816,282.091068
충청남도,천안시,2,8.9749718,-2.8428951,375.592164
충청남도,천안시,3,14.8352815,0.9334305,516.817839
충청남도,천안시,4,22.3642651,7.2168229,638.40369
충청남도,천안시,5,26.1746337,13.0329995,665.971458
충청남도,천안시,6,30.1721608,19.6799924,634.711866
충청남도,천안시,7,31.9470083,23.8658945,510.688767
충청남도,천안시,8,32.8075963,24.5002788,513.578415
충청남도,천안시,9,28.2027484,17.986846,470.009901
충청남도,천안시,10,22.0312742,9.6536253,412.860225
충청남도,천안시,11,14.0930417,2.5580516,288.10557
충청남도,천안시,12,7.4265196,-3.0837345,235.024008
충청북도,옥천군,1,4.6182026,-6.2364945,296.311647
충청북도,옥천군,2,9.1065587,-2.9704966,381.939288
충청북도,옥천군,3,15.3906357,1.2638106,521.582676
충청북도,옥천군,4,22.5861818,7.5198051,634.366827
충청북도,옥천군,5,25.7791106,13.0807865,653.354673
충청북도,옥천군,6,29.520649,19.6124554,614.75733
충청북도,옥천군,7,31.6360869,23.0780671,508.921356
충청북도,옥천군,8,32.6469769,24.1873091,531.391137
충청북도,옥천군,9,28.1252562,17.9233047,476.864316
충청북도,옥천군,10,21.944088,10.0077335,415.922823
충청북도,옥천군,11,14.4122987,2.4178267,296.677701
충청북도,옥천군,12,7.942295,-3.2148298,247.511325
충청북도,청주시,1,4.5261518,-5.8808598,288.573318
충청북도,청주시,2,8.9801368,-2.5780965,378.279399
충청북도,청주시,3,15.0368036,1.466481,519.411027
충청북도,청주시,4,22.4330441,7.7724234,636.671307
충청북도,청주시,5,25.9072546,13.4487391,659.607972
충청북도,청주시,6,29.765342,19.9359108,626.886522
충청북도,청주시,7,31.7723812,23.7234306,509.168526
충청북도,청주시,8,32.7594839,24.6286447,523.04295
충청북도,청주시,9,28.1356312,18.3105643,473.569644
충청북도,청주시,10,21.9283506,10.322135,413.832282
충청북도,청주시,11,14.142403,2.87662,290.836131
충청북도,청주시,12,7.565101,-2.8927556,240.10599
충청북도,충주시,1,3.2840314,-7.7535013,304.135731
충청북도,충주시,2,8.0660583,-3.887098,383.341896
충청북도,충주시,3,14.5047838,0.5595346,517.746339
충청북도,충주시,4,22.1930539,6.8034046,628.769076
충청북도,충주시,5,25.4173143,12.652577,644.398428
충청북도,충주시,6,29.3144042,19.306989,615.446376
충청북도,충주시,7,31.2617672,22.8350376,486.936621
충청북도,충주시,8,32.4164946,23.8535025,517.512054
충청북도,충주시,9,27.7031897,17.4818857,470.425239
충청북도,충주시,10,21.2342415,9.5505032,408.659664
충청북도,충주시,11,13.2481552,1.6759572,289.658787
충청북도,충주시,12,6.5530609,-4.1613544,249.323706
